<?xml version="1.0" encoding="UTF-8"?>
<project-private xmlns="http://www.netbeans.org/ns/project-private/1">
    <editor-bookmarks xmlns="http://www.netbeans.org/ns/editor-bookmarks/2" lastBookmarkId="0"/>
    <open-files xmlns="http://www.netbeans.org/ns/projectui-open-files/2">
        <group>
            <file>file:/C:/Users/carlo/Desktop/CC5P33/3º%20SEMESTRE/LPOO/InfoSys/src/View/TelaCadastro.java</file>
            <file>file:/C:/Users/carlo/Desktop/CC5P33/3º%20SEMESTRE/LPOO/InfoSys/src/View/TelaConsulta.java</file>
        </group>
    </open-files>
</project-private>
